{
"lengthUnit": "mil",
"components": {
	"fields": ["COMPONENT_NO", "COMPONENT_NAME", "LAYER", "X_COORDINATE", "Y_COORDINATE", "ANGLE"],
	"rows": [
		[1, "C1", "T", 1190.5, -1509.71, 0],
		[2, "C3", "T", 668.63, -1390.08, 180],
		[3, "C5", "T", 769.24, -1203.61, 90],
		[4, "C6", "T", 671.49, -1101, 180],
		[5, "C7", "T", 647.87, -1026.2, 180],
		[6, "C8", "T", 1550.2, -1815.94, 180],
		[7, "C9", "T", 668.63, -1319.22, 180],
		[8, "C10", "T", 1105.85, -960.5, 0],
		[9, "C11", "T", 1460.19, -956.56, 270],
		[10, "C12", "T", 1468.06, -1322.7, 180],
		[11, "C13", "T", 1078.3, -1288.25, 0],
		[12, "C18", "B", 938.97, -1161.41, 0],
		[13, "C19", "B", 1141.73, -1085.63, 180],
		[14, "C25", "B", 708.66, -597.24, 180],
		[15, "C33", "T", 753.51, -422.74, 270],
		[16, "C34", "T", 674.7, -423.78, 270],
		[17, "C35", "T", 285.43, -570.87, 0],
		[18, "C36", "T", 334.65, -802.17, 270],
		[19, "C37", "T", 846.46, -620.08, 270],
		[20, "C38", "T", 1058.61, -533.33, 90],
		[21, "C39", "T", 165.89, -1259.71, 180],
		[22, "C40", "T", 169.83, -1334.51, 180],
		[23, "C41", "T", 256.44, -1054.99, 180],
		[24, "C42", "T", 436.81, -1266.45, 0],
		[25, "C43", "T", 436.01, -1360.94, 0],
		[26, "C44", "T", 1550.2, -1387.8, 0],
		[27, "C45", "T", 1716.09, -862.07, 180],
		[28, "C46", "T", 1755.46, -1284.32, 90],
		[29, "C47", "T", 1802.71, -1284.32, 90],
		[30, "C48", "T", 1328.74, -644.69, 90],
		[31, "C49", "T", 1397.64, -536.42, 90],
		[32, "C50", "T", 1446.85, -536.42, 90],
		[33, "D1", "T", 1206.25, -1641.6, 270],
		[34, "H1", "T", 1605.32, -69.29, 180],
		[35, "H2", "T", 590.55, -1797.24, 180],
		[36, "H3", "T", 590.55, -1907.48, 0],
		[37, "H4", "T", 1479.13, -1906.3, 0],
		[38, "J1", "T", 162.4, -1855.32, 180],
		[39, "L2", "T", 447.83, -1112.2, 0],
		[40, "LED1", "T", 1770.23, -1903.45, 270],
		[41, "MODE0JP", "T", 344.68, -67.76, 90],
		[42, "MODE1JP", "T", 441.6, -67.76, 90],
		[43, "MODE2JP", "T", 545.18, -67.74, 90],
		[44, "P1", "T", 151.13, -814.83, 0],
		[45, "P2", "T", 1174.51, -149.9, 270],
		[46, "P3", "T", 782.46, -149.9, 270],
		[47, "R2", "T", 349.41, -1899.61, 90],
		[48, "R3", "T", 191.93, -1717.52, 180],
		[49, "R11", "B", 1029.08, -1161.29, 0],
		[50, "R12", "B", 909.25, -795.14, 270],
		[51, "R13", "T", 1434.55, -760.33, 0],
		[52, "R14", "T", 1434.55, -809.55, 180],
		[53, "R17", "T", 206.69, -152.56, 270],
		[54, "R18", "B", 480.31, -967.71, 180],
		[55, "R22", "T", 782.25, -616.15, 270],
		[56, "R23", "T", 1147.19, -1649.48, 270],
		[57, "R24", "T", 910.97, -1649.48, 270],
		[58, "R25", "T", 1005.46, -1649.48, 90],
		[59, "R26", "T", 1052.7, -1649.48, 90],
		[60, "R27", "T", 1769.97, -1799.66, 90],
		[61, "R28", "T", 1052.7, -1566.8, 270],
		[62, "R29", "T", 1345.36, -1511.51, 0],
		[63, "R32", "T", 954.72, -1525.59, 270],
		[64, "R33", "T", 1003.94, -1525.59, 270],
		[65, "R34", "B", 592.52, -548.03, 90],
		[66, "R35", "B", 515.75, -548.03, 90],
		[67, "SW1", "T", 1349.3, -1653.25, 90],
		[68, "U1", "T", 1283.36, -1135.84, 90],
		[69, "U2", "T", 667.56, -1211.24, 0],
		[70, "U4", "T", 958.22, -1633.73, 270],
		[71, "U5", "T", 1099.95, -1637.66, 270],
		[72, "U6", "T", 840.11, -1688.85, 0],
		[73, "U8", "B", 984.25, -984.25, 180],
		[74, "U10", "T", 554.22, -710.26, 180],
		[75, "U11", "T", 165.89, -1153.41, 270],
		[76, "U17", "T", 1424.6, -660.4, 90],
		[77, "U18", "T", 1904.53, -969.49, 90],
		[78, "USBC1", "T", 1025.15, -1822.7, 0],
		[79, "X1", "T", 1629.82, -1124.03, 270],
		[80, "X2", "T", 1780.4, -1080.41, 90],
		[81, "PAD1", "T", 375.54, -1594.36, 0],
		[82, "PAD1", "B", 375.54, -1594.36, 0],
		[83, "PAD2", "T", 375.54, -373.88, 0],
		[84, "PAD2", "B", 375.54, -373.88, 0],
		[85, "PAD3", "T", 1596.01, -1594.36, 0],
		[86, "PAD3", "B", 1596.01, -1594.36, 0],
		[87, "PAD4", "T", 1596.01, -373.88, 0],
		[88, "PAD4", "B", 1596.01, -373.88, 0]
	]
},
"pins": {
	"fields": ["PIN_NO", "PIN_NAME", "PIN_X", "PIN_Y", "LAYER", "PIN_TYPE", "NET_NAME", "NET_TYPE", "PAD_SHAPE", "PAD_SIZEX", "PAD_SIZEY", "HOLE_SIZE", "PAD_ANGLE"],
	"rows": [
		[1, "C1_1", 1162.94, -1509.71, "T", "SMD", "GND", "GND", "R", 31.5, 35.43, 0, 0],
		[2, "C1_2", 1218.06, -1509.71, "T", "SMD", "STM_RESET", "", "R", 31.5, 35.43, 0, 0],
		[3, "C3_1", 696.19, -1390.08, "T", "SMD", "GND", "GND", "R", 31.5, 35.43, 0, 180],
		[4, "C3_2", 641.07, -1390.08, "T", "SMD", "+5V", "", "R", 31.5, 35.43, 0, 180],
		[5, "C5_1", 769.24, -1231.17, "T", "SMD", "GND", "GND", "R", 31.5, 35.43, 0, 90],
		[6, "C5_2", 769.24, -1176.05, "T", "SMD", "$3N430", "", "R", 31.5, 35.43, 0, 90],
		[7, "C6_1", 710.86, -1101, "T", "SMD", "GND", "GND", "R", 55.51, 53.15, 0, 180],
		[8, "C6_2", 632.12, -1101, "T", "SMD", "+3V3", "", "R", 55.51, 53.15, 0, 180],
		[9, "C7_1", 675.43, -1026.2, "T", "SMD", "GND", "GND", "R", 31.5, 35.43, 0, 180],
		[10, "C7_2", 620.31, -1026.2, "T", "SMD", "+3V3", "", "R", 31.5, 35.43, 0, 180],
		[11, "C8_1", 1577.76, -1815.94, "T", "SMD", "GND", "GND", "R", 31.5, 35.43, 0, 180],
		[12, "C8_2", 1522.64, -1815.94, "T", "SMD", "+3V3", "", "R", 31.5, 35.43, 0, 180],
		[13, "C9_1", 696.19, -1319.22, "T", "SMD", "GND", "GND", "R", 31.5, 35.43, 0, 180],
		[14, "C9_2", 641.07, -1319.22, "T", "SMD", "+5V", "", "R", 31.5, 35.43, 0, 180],
		[15, "C10_1", 1078.29, -960.5, "T", "SMD", "GND", "GND", "R", 31.5, 35.43, 0, 0],
		[16, "C10_2", 1133.41, -960.5, "T", "SMD", "+3V3", "", "R", 31.5, 35.43, 0, 0],
		[17, "C11_1", 1460.19, -929, "T", "SMD", "GND", "GND", "R", 31.5, 35.43, 0, 270],
		[18, "C11_2", 1460.19, -984.12, "T", "SMD", "+3V3", "", "R", 31.5, 35.43, 0, 270],
		[19, "C12_1", 1495.62, -1322.7, "T", "SMD", "GND", "GND", "R", 31.5, 35.43, 0, 180],
		[20, "C12_2", 1440.5, -1322.7, "T", "SMD", "+3V3", "", "R", 31.5, 35.43, 0, 180],
		[21, "C13_1", 1050.74, -1288.25, "T", "SMD", "GND", "GND", "R", 31.5, 35.43, 0, 0],
		[22, "C13_2", 1105.86, -1288.25, "T", "SMD", "+3V3", "", "R", 31.5, 35.43, 0, 0],
		[23, "C18_1", 917.51, -1161.41, "B", "SMD", "GND", "GND", "R", 31.11, 21.26, 0, 0],
		[24, "C18_2", 960.43, -1161.41, "B", "SMD", "$2N405", "", "R", 31.11, 21.26, 0, 0],
		[25, "C19_1", 1163.19, -1085.63, "B", "SMD", "GND", "GND", "R", 31.11, 21.26, 0, 180],
		[26, "C19_2", 1120.27, -1085.63, "B", "SMD", "+3V3", "", "R", 31.11, 21.26, 0, 180],
		[27, "C25_1", 730.12, -597.24, "B", "SMD", "$2N2394", "", "R", 31.11, 21.26, 0, 180],
		[28, "C25_2", 687.2, -597.24, "B", "SMD", "$2N2398", "", "R", 31.11, 21.26, 0, 180],
		[29, "C33_1", 753.51, -383.37, "T", "SMD", "GND", "GND", "R", 55.51, 53.15, 0, 270],
		[30, "C33_2", 753.51, -462.11, "T", "SMD", "VMM", "", "R", 55.51, 53.15, 0, 270],
		[31, "C34_1", 674.7, -384.41, "T", "SMD", "GND", "GND", "R", 55.51, 53.15, 0, 270],
		[32, "C34_2", 674.7, -463.15, "T", "SMD", "VMM", "", "R", 55.51, 53.15, 0, 270],
		[33, "C35_1", 246.06, -570.87, "T", "SMD", "GND", "GND", "R", 55.51, 53.15, 0, 0],
		[34, "C35_2", 324.8, -570.87, "T", "SMD", "VMM", "", "R", 55.51, 53.15, 0, 0],
		[35, "C36_1", 334.65, -780.71, "T", "SMD", "GND", "GND", "R", 31.11, 21.26, 0, 270],
		[36, "C36_2", 334.65, -823.63, "T", "SMD", "V3P3", "", "R", 31.11, 21.26, 0, 270],
		[37, "C37_1", 846.46, -592.52, "T", "SMD", "VMM", "", "R", 31.5, 35.43, 0, 270],
		[38, "C37_2", 846.46, -647.64, "T", "SMD", "$2N6854", "", "R", 31.5, 35.43, 0, 270],
		[39, "C38_1", 1058.61, -661.96, "T", "SMD", "VMM", "", "R", 165.35, 55.12, 0, 90],
		[40, "C38_2", 1058.61, -404.7, "T", "SMD", "GND", "GND", "R", 165.35, 55.12, 0, 90],
		[41, "C39_1", 193.45, -1259.71, "T", "SMD", "GND", "GND", "R", 31.5, 35.43, 0, 180],
		[42, "C39_2", 138.33, -1259.71, "T", "SMD", "VMM", "", "R", 31.5, 35.43, 0, 180],
		[43, "C40_1", 209.2, -1334.51, "T", "SMD", "GND", "GND", "R", 55.51, 53.15, 0, 180],
		[44, "C40_2", 130.46, -1334.51, "T", "SMD", "VMM", "", "R", 55.51, 53.15, 0, 180],
		[45, "C41_1", 284, -1054.99, "T", "SMD", "$3N755", "", "R", 31.5, 35.43, 0, 180],
		[46, "C41_2", 228.88, -1054.99, "T", "SMD", "$3N732", "", "R", 31.5, 35.43, 0, 180],
		[47, "C42_1", 374.11, -1266.45, "T", "SMD", "GND", "GND", "R", 58.47, 68.03, 0, 0],
		[48, "C42_2", 499.51, -1266.45, "T", "SMD", "+5V", "", "R", 58.47, 68.03, 0, 0],
		[49, "C43_1", 373.31, -1360.94, "T", "SMD", "GND", "GND", "R", 58.47, 68.03, 0, 0],
		[50, "C43_2", 498.71, -1360.94, "T", "SMD", "+5V", "", "R", 58.47, 68.03, 0, 0],
		[51, "C44_1", 1528.74, -1387.8, "T", "SMD", "GND", "GND", "R", 31.11, 21.26, 0, 0],
		[52, "C44_2", 1571.66, -1387.8, "T", "SMD", "OSCIN", "", "R", 31.11, 21.26, 0, 0],
		[53, "C45_1", 1737.55, -862.07, "T", "SMD", "GND", "GND", "R", 31.11, 21.26, 0, 180],
		[54, "C45_2", 1694.63, -862.07, "T", "SMD", "OSCOUT", "", "R", 31.11, 21.26, 0, 180],
		[55, "C46_1", 1755.46, -1305.78, "T", "SMD", "GND", "GND", "R", 31.11, 21.26, 0, 90],
		[56, "C46_2", 1755.46, -1262.86, "T", "SMD", "PC14", "", "R", 31.11, 21.26, 0, 90],
		[57, "C47_1", 1802.71, -1305.78, "T", "SMD", "GND", "GND", "R", 31.11, 21.26, 0, 90],
		[58, "C47_2", 1802.71, -1262.86, "T", "SMD", "PC15", "", "R", 31.11, 21.26, 0, 90],
		[59, "C48_1", 1328.74, -666.15, "T", "SMD", "GND", "GND", "R", 31.11, 21.26, 0, 90],
		[60, "C48_2", 1328.74, -623.23, "T", "SMD", "+3V3", "", "R", 31.11, 21.26, 0, 90],
		[61, "C49_1", 1397.64, -557.88, "T", "SMD", "$2N14898", "", "R", 31.11, 21.26, 0, 90],
		[62, "C49_2", 1397.64, -514.96, "T", "SMD", "GND", "GND", "R", 31.11, 21.26, 0, 90],
		[63, "C50_1", 1446.85, -557.88, "T", "SMD", "+3V3", "", "R", 31.11, 21.26, 0, 90],
		[64, "C50_2", 1446.85, -514.96, "T", "SMD", "GND", "GND", "R", 31.11, 21.26, 0, 90],
		[65, "D1_1", 1206.25, -1595.44, "T", "SMD", "+5V", "", "R", 39.37, 29.53, 0, 270],
		[66, "D1_2", 1206.25, -1687.77, "T", "SMD", "$1N3718", "", "R", 39.37, 29.53, 0, 270],
		[67, "H1_1", 1755.32, -69.29, "T", "DIP", "PB12", "", "R", 66.93, 66.93, 43.31, 180],
		[68, "H1_1", 1755.32, -69.29, "B", "DIP", "PB12", "", "R", 66.93, 66.93, 43.31, 180],
		[69, "H1_2", 1655.32, -69.29, "T", "DIP", "PB13", "", "C", 66.93, 66.93, 43.31, 180],
		[70, "H1_2", 1655.32, -69.29, "B", "DIP", "PB13", "", "C", 66.93, 66.93, 43.31, 180],
		[71, "H1_3", 1555.32, -69.29, "T", "DIP", "PB14", "", "C", 66.93, 66.93, 43.31, 180],
		[72, "H1_3", 1555.32, -69.29, "B", "DIP", "PB14", "", "C", 66.93, 66.93, 43.31, 180],
		[73, "H1_4", 1455.32, -69.29, "T", "DIP", "PB15", "", "C", 66.93, 66.93, 43.31, 180],
		[74, "H1_4", 1455.32, -69.29, "B", "DIP", "PB15", "", "C", 66.93, 66.93, 43.31, 180],
		[75, "H2_1", 740.55, -1797.24, "T", "DIP", "SCL2", "", "R", 66.93, 66.93, 43.31, 180],
		[76, "H2_1", 740.55, -1797.24, "B", "DIP", "SCL2", "", "R", 66.93, 66.93, 43.31, 180],
		[77, "H2_2", 640.55, -1797.24, "T", "DIP", "SDA2", "", "C", 66.93, 66.93, 43.31, 180],
		[78, "H2_2", 640.55, -1797.24, "B", "DIP", "SDA2", "", "C", 66.93, 66.93, 43.31, 180],
		[79, "H2_3", 540.55, -1797.24, "T", "DIP", "SCL2", "", "C", 66.93, 66.93, 43.31, 180],
		[80, "H2_3", 540.55, -1797.24, "B", "DIP", "SCL2", "", "C", 66.93, 66.93, 43.31, 180],
		[81, "H2_4", 440.55, -1797.24, "T", "DIP", "SDA2", "", "C", 66.93, 66.93, 43.31, 180],
		[82, "H2_4", 440.55, -1797.24, "B", "DIP", "SDA2", "", "C", 66.93, 66.93, 43.31, 180],
		[83, "H3_1", 440.55, -1907.48, "T", "DIP", "GND", "GND", "R", 66.93, 66.93, 43.31, 0],
		[84, "H3_1", 440.55, -1907.48, "B", "DIP", "GND", "GND", "R", 66.93, 66.93, 43.31, 0],
		[85, "H3_2", 540.55, -1907.48, "T", "DIP", "GND", "GND", "C", 66.93, 66.93, 43.31, 0],
		[86, "H3_2", 540.55, -1907.48, "B", "DIP", "GND", "GND", "C", 66.93, 66.93, 43.31, 0],
		[87, "H3_3", 640.55, -1907.48, "T", "DIP", "GND", "GND", "C", 66.93, 66.93, 43.31, 0],
		[88, "H3_3", 640.55, -1907.48, "B", "DIP", "GND", "GND", "C", 66.93, 66.93, 43.31, 0],
		[89, "H3_4", 740.55, -1907.48, "T", "DIP", "GND", "GND", "C", 66.93, 66.93, 43.31, 0],
		[90, "H3_4", 740.55, -1907.48, "B", "DIP", "GND", "GND", "C", 66.93, 66.93, 43.31, 0],
		[91, "H4_1", 1279.13, -1906.3, "T", "DIP", "+3V3", "", "R", 66.93, 66.93, 43.31, 0],
		[92, "H4_1", 1279.13, -1906.3, "B", "DIP", "+3V3", "", "R", 66.93, 66.93, 43.31, 0],
		[93, "H4_2", 1379.13, -1906.3, "T", "DIP", "SWDIO", "", "C", 66.93, 66.93, 43.31, 0],
		[94, "H4_2", 1379.13, -1906.3, "B", "DIP", "SWDIO", "", "C", 66.93, 66.93, 43.31, 0],
		[95, "H4_3", 1479.13, -1906.3, "T", "DIP", "SWDCLK", "", "C", 66.93, 66.93, 43.31, 0],
		[96, "H4_3", 1479.13, -1906.3, "B", "DIP", "SWDCLK", "", "C", 66.93, 66.93, 43.31, 0],
		[97, "H4_4", 1579.13, -1906.3, "T", "DIP", "GND", "GND", "C", 66.93, 66.93, 43.31, 0],
		[98, "H4_4", 1579.13, -1906.3, "B", "DIP", "GND", "GND", "C", 66.93, 66.93, 43.31, 0],
		[99, "H4_5", 1679.13, -1906.3, "T", "DIP", "STM_RESET", "", "C", 66.93, 66.93, 43.31, 0],
		[100, "H4_5", 1679.13, -1906.3, "B", "DIP", "STM_RESET", "", "C", 66.93, 66.93, 43.31, 0],
		[101, "J1_1", 262.4, -1805.32, "T", "DIP", "+3V3", "", "R", 70.87, 70.87, 41.34, 180],
		[102, "J1_1", 262.4, -1805.32, "B", "DIP", "+3V3", "", "R", 70.87, 70.87, 41.34, 180],
		[103, "J1_2", 262.4, -1905.32, "T", "DIP", "+3V3", "", "C", 70.87, 70.87, 41.34, 180],
		[104, "J1_2", 262.4, -1905.32, "B", "DIP", "+3V3", "", "C", 70.87, 70.87, 41.34, 180],
		[105, "J1_3", 162.4, -1805.32, "T", "DIP", "$1N20654", "", "C", 70.87, 70.87, 41.34, 180],
		[106, "J1_3", 162.4, -1805.32, "B", "DIP", "$1N20654", "", "C", 70.87, 70.87, 41.34, 180],
		[107, "J1_4", 162.4, -1905.32, "T", "DIP", "$1N20662", "", "C", 70.87, 70.87, 41.34, 180],
		[108, "J1_4", 162.4, -1905.32, "B", "DIP", "$1N20662", "", "C", 70.87, 70.87, 41.34, 180],
		[109, "J1_5", 62.4, -1805.32, "T", "DIP", "GND", "GND", "C", 70.87, 70.87, 41.34, 180],
		[110, "J1_5", 62.4, -1805.32, "B", "DIP", "GND", "GND", "C", 70.87, 70.87, 41.34, 180],
		[111, "J1_6", 62.4, -1905.32, "T", "DIP", "GND", "GND", "C", 70.87, 70.87, 41.34, 180],
		[112, "J1_6", 62.4, -1905.32, "B", "DIP", "GND", "GND", "C", 70.87, 70.87, 41.34, 180],
		[113, "L2_1", 363.19, -1112.2, "T", "SMD", "$3N755", "", "R", 70.87, 165.35, 0, 0],
		[114, "L2_2", 532.48, -1112.2, "T", "SMD", "+5V", "", "R", 70.87, 165.35, 0, 0],
		[115, "LED1_1", 1770.1, -1871.97, "T", "SMD", "$1N1345", "", "R", 31.5, 31.5, 0, 0],
		[116, "LED1_2", 1770.37, -1934.93, "T", "SMD", "+3V3", "", "R", 31.5, 31.5, 0, 0],
		[117, "MODE0JP_1", 339.68, -107.75, "T", "SMD", "+3V3", "", "P", 60, 29.83, 0, 270],
		[118, "MODE0JP_2", 339.68, -27.75, "T", "SMD", "GND", "GND", "P", 60, 30, 0, 270],
		[119, "MODE0JP_3", 339.68, -67.75, "T", "SMD", "MODE0", "", "P", 60, 30, 0, 270],
		[120, "MODE1JP_1", 436.61, -107.75, "T", "SMD", "+3V3", "", "P", 60, 29.83, 0, 270],
		[121, "MODE1JP_2", 436.61, -27.75, "T", "SMD", "GND", "GND", "P", 60, 30, 0, 270],
		[122, "MODE1JP_3", 436.61, -67.75, "T", "SMD", "MODE1", "", "P", 60, 30, 0, 270],
		[123, "MODE2JP_1", 540.19, -107.74, "T", "SMD", "+3V3", "", "P", 60, 29.83, 0, 270],
		[124, "MODE2JP_2", 540.19, -27.74, "T", "SMD", "GND", "GND", "P", 60, 30, 0, 270],
		[125, "MODE2JP_3", 540.19, -67.74, "T", "SMD", "MODE2", "", "P", 60, 30, 0, 270],
		[126, "P1_1", 151.13, -716.38, "T", "DIP", "GND", "GND", "C", 78.74, 78.74, 51.18, 270],
		[127, "P1_1", 151.13, -716.38, "B", "DIP", "GND", "GND", "C", 78.74, 78.74, 51.18, 270],
		[128, "P1_2", 151.13, -913.28, "T", "DIP", "VMM", "", "C", 78.74, 78.74, 51.18, 270],
		[129, "P1_2", 151.13, -913.28, "B", "DIP", "VMM", "", "C", 78.74, 78.74, 51.18, 270],
		[130, "P2_1", 1272.96, -149.9, "T", "DIP", "AOUT1", "", "C", 78.74, 78.74, 51.18, 180],
		[131, "P2_1", 1272.96, -149.9, "B", "DIP", "AOUT1", "", "C", 78.74, 78.74, 51.18, 180],
		[132, "P2_2", 1076.06, -149.9, "T", "DIP", "AOUT2", "", "C", 78.74, 78.74, 51.18, 180],
		[133, "P2_2", 1076.06, -149.9, "B", "DIP", "AOUT2", "", "C", 78.74, 78.74, 51.18, 180],
		[134, "P3_1", 880.91, -149.9, "T", "DIP", "BOUT2", "", "C", 78.74, 78.74, 51.18, 180],
		[135, "P3_1", 880.91, -149.9, "B", "DIP", "BOUT2", "", "C", 78.74, 78.74, 51.18, 180],
		[136, "P3_2", 684.01, -149.9, "T", "DIP", "BOUT1", "", "C", 78.74, 78.74, 51.18, 180],
		[137, "P3_2", 684.01, -149.9, "B", "DIP", "BOUT1", "", "C", 78.74, 78.74, 51.18, 180],
		[138, "R2_1", 349.41, -1929.27, "T", "SMD", "$1N20662", "", "R", 31.75, 34.02, 0, 90],
		[139, "R2_2", 349.41, -1869.95, "T", "SMD", "BOOT1", "", "R", 31.75, 34.02, 0, 90],
		[140, "R3_1", 221.59, -1717.52, "T", "SMD", "BOOT0", "", "R", 31.75, 34.02, 0, 180],
		[141, "R3_2", 162.27, -1717.52, "T", "SMD", "$1N20654", "", "R", 31.75, 34.02, 0, 180],
		[142, "R11_1", 1012.04, -1161.29, "B", "SMD", "$2N405", "", "R", 22.27, 21.26, 0, 0],
		[143, "R11_2", 1046.12, -1161.29, "B", "SMD", "+3V3", "", "R", 22.27, 21.26, 0, 0],
		[144, "R12_1", 909.25, -778.1, "B", "SMD", "GND", "GND", "R", 22.27, 21.26, 0, 270],
		[145, "R12_2", 909.25, -812.18, "B", "SMD", "$2N452", "", "R", 22.27, 21.26, 0, 270],
		[146, "R13_1", 1417.51, -760.33, "T", "SMD", "+3V3", "", "R", 22.27, 21.26, 0, 0],
		[147, "R13_2", 1451.59, -760.33, "T", "SMD", "SCL1", "", "R", 22.27, 21.26, 0, 0],
		[148, "R14_1", 1451.59, -809.55, "T", "SMD", "SDA1", "", "R", 22.27, 21.26, 0, 180],
		[149, "R14_2", 1417.51, -809.55, "T", "SMD", "+3V3", "", "R", 22.27, 21.26, 0, 180],
		[150, "R17_1", 156.69, -52.56, "T", "DIP", "GND", "GND", "C", 60, 60, 30, 270],
		[151, "R17_1", 156.69, -52.56, "B", "DIP", "GND", "GND", "C", 60, 60, 30, 270],
		[152, "R17_2", 256.69, -152.56, "T", "DIP", "$2N2475", "", "C", 60, 60, 30, 270],
		[153, "R17_2", 256.69, -152.56, "B", "DIP", "$2N2475", "", "C", 60, 60, 30, 270],
		[154, "R17_3", 156.69, -252.56, "T", "DIP", "V3P3", "", "C", 60, 60, 30, 270],
		[155, "R17_3", 156.69, -252.56, "B", "DIP", "V3P3", "", "C", 60, 60, 30, 270],
		[156, "R18_1", 497.35, -967.71, "B", "SMD", "FAULT", "", "R", 22.27, 21.26, 0, 180],
		[157, "R18_2", 463.27, -967.71, "B", "SMD", "$2N3454", "", "R", 22.27, 21.26, 0, 180],
		[158, "R22_1", 782.25, -586.49, "T", "SMD", "VMM", "", "R", 31.75, 34.02, 0, 270],
		[159, "R22_2", 782.25, -645.81, "T", "SMD", "$2N6854", "", "R", 31.75, 34.02, 0, 270],
		[160, "R23_1", 1147.19, -1632.44, "T", "SMD", "GND", "GND", "R", 22.27, 21.26, 0, 270],
		[161, "R23_2", 1147.19, -1666.52, "T", "SMD", "$1N3829", "", "R", 22.27, 21.26, 0, 270],
		[162, "R24_1", 910.97, -1632.44, "T", "SMD", "GND", "GND", "R", 22.27, 21.26, 0, 270],
		[163, "R24_2", 910.97, -1666.52, "T", "SMD", "$1N3761", "", "R", 22.27, 21.26, 0, 270],
		[164, "R25_1", 1005.46, -1666.52, "T", "SMD", "DN2", "", "R", 22.27, 21.26, 0, 90],
		[165, "R25_2", 1005.46, -1632.44, "T", "SMD", "$1N3997", "", "R", 22.27, 21.26, 0, 90],
		[166, "R26_1", 1052.7, -1666.52, "T", "SMD", "DP2", "", "R", 22.27, 21.26, 0, 90],
		[167, "R26_2", 1052.7, -1632.44, "T", "SMD", "$1N20505", "", "R", 22.27, 21.26, 0, 90],
		[168, "R27_1", 1769.97, -1816.7, "T", "SMD", "$1N1345", "", "R", 22.27, 21.26, 0, 90],
		[169, "R27_2", 1769.97, -1782.62, "T", "SMD", "GND", "GND", "R", 22.27, 21.26, 0, 90],
		[170, "R28_1", 1052.7, -1549.76, "T", "SMD", "+5V", "", "R", 22.27, 21.26, 0, 270],
		[171, "R28_2", 1052.7, -1583.84, "T", "SMD", "$1N20505", "", "R", 22.27, 21.26, 0, 270],
		[172, "R29_1", 1328.32, -1511.51, "T", "SMD", "STM_RESET", "", "R", 22.27, 21.26, 0, 0],
		[173, "R29_2", 1362.4, -1511.51, "T", "SMD", "+3V3", "", "R", 22.27, 21.26, 0, 0],
		[174, "R32_1", 954.72, -1508.55, "T", "SMD", "PA11", "", "R", 22.27, 21.26, 0, 270],
		[175, "R32_2", 954.72, -1542.63, "T", "SMD", "$1N3997", "", "R", 22.27, 21.26, 0, 270],
		[176, "R33_1", 1003.94, -1508.55, "T", "SMD", "PA12", "", "R", 22.27, 21.26, 0, 270],
		[177, "R33_2", 1003.94, -1542.63, "T", "SMD", "$1N20505", "", "R", 22.27, 21.26, 0, 270],
		[178, "R34_1", 592.52, -565.07, "B", "SMD", "GND", "GND", "R", 22.27, 21.26, 0, 90],
		[179, "R34_2", 592.52, -530.99, "B", "SMD", "$2N5639", "", "R", 22.27, 21.26, 0, 90],
		[180, "R35_1", 515.75, -565.07, "B", "SMD", "GND", "GND", "R", 22.27, 21.26, 0, 90],
		[181, "R35_2", 515.75, -530.99, "B", "SMD", "$2N3779", "", "R", 22.27, 21.26, 0, 90],
		[182, "SW1_1", 1276.46, -1783.17, "T", "SMD", "SW1_1", "", "R", 66.93, 39.37, 0, 90],
		[183, "SW1_2", 1276.46, -1523.33, "T", "SMD", "STM_RESET", "", "R", 66.93, 39.37, 0, 90],
		[184, "SW1_3", 1422.14, -1783.17, "T", "SMD", "SW1_3", "", "R", 66.93, 39.37, 0, 90],
		[185, "SW1_4", 1422.14, -1523.33, "T", "SMD", "GND", "GND", "R", 66.93, 39.37, 0, 90],
		[186, "U1_1", 1450.68, -1244.11, "T", "SMD", "U1_1", "", "O", 10.63, 59.05, 0, 90],
		[187, "U1_2", 1450.68, -1224.42, "T", "SMD", "U1_2", "", "O", 10.63, 59.05, 0, 90],
		[188, "U1_3", 1450.68, -1204.74, "T", "SMD", "PC14", "", "O", 10.63, 59.05, 0, 90],
		[189, "U1_4", 1450.68, -1185.05, "T", "SMD", "PC15", "", "O", 10.63, 59.05, 0, 90],
		[190, "U1_5", 1450.68, -1165.37, "T", "SMD", "OSCIN", "", "O", 10.63, 59.05, 0, 90],
		[191, "U1_6", 1450.68, -1145.68, "T", "SMD", "OSCOUT", "", "O", 10.63, 59.05, 0, 90],
		[192, "U1_7", 1450.68, -1126, "T", "SMD", "STM_RESET", "", "O", 10.63, 59.05, 0, 90],
		[193, "U1_8", 1450.68, -1106.31, "T", "SMD", "GND", "GND", "O", 10.63, 59.05, 0, 90],
		[194, "U1_9", 1450.68, -1086.63, "T", "SMD", "+3V3", "", "O", 10.63, 59.05, 0, 90],
		[195, "U1_10", 1450.68, -1066.94, "T", "SMD", "PA0", "", "O", 10.63, 59.05, 0, 90],
		[196, "U1_11", 1450.68, -1047.26, "T", "SMD", "PA1", "", "O", 10.63, 59.05, 0, 90],
		[197, "U1_12", 1450.68, -1027.57, "T", "SMD", "PA2", "", "O", 10.63, 59.05, 0, 90],
		[198, "U1_13", 1391.63, -968.52, "T", "SMD", "PA3", "", "O", 59.05, 10.63, 0, 90],
		[199, "U1_14", 1371.94, -968.52, "T", "SMD", "PA4", "", "O", 59.05, 10.63, 0, 90],
		[200, "U1_15", 1352.26, -968.52, "T", "SMD", "PA5", "", "O", 59.05, 10.63, 0, 90],
		[201, "U1_16", 1332.57, -968.52, "T", "SMD", "PA6", "", "O", 59.05, 10.63, 0, 90],
		[202, "U1_17", 1312.89, -968.52, "T", "SMD", "PA7", "", "O", 59.05, 10.63, 0, 90],
		[203, "U1_18", 1293.2, -968.52, "T", "SMD", "RESET", "", "O", 59.05, 10.63, 0, 90],
		[204, "U1_19", 1273.52, -968.52, "T", "SMD", "SLEEP", "", "O", 59.05, 10.63, 0, 90],
		[205, "U1_20", 1253.83, -968.52, "T", "SMD", "BOOT1", "", "O", 59.05, 10.63, 0, 90],
		[206, "U1_21", 1234.15, -968.52, "T", "SMD", "SCL2", "", "O", 59.05, 10.63, 0, 90],
		[207, "U1_22", 1214.46, -968.52, "T", "SMD", "SDA2", "", "O", 59.05, 10.63, 0, 90],
		[208, "U1_23", 1194.78, -968.52, "T", "SMD", "GND", "GND", "O", 59.05, 10.63, 0, 90],
		[209, "U1_24", 1175.09, -968.52, "T", "SMD", "+3V3", "", "O", 59.05, 10.63, 0, 90],
		[210, "U1_25", 1116.04, -1027.57, "T", "SMD", "PB12", "", "O", 10.63, 59.05, 0, 90],
		[211, "U1_26", 1116.04, -1047.26, "T", "SMD", "PB13", "", "O", 10.63, 59.05, 0, 90],
		[212, "U1_27", 1116.04, -1066.94, "T", "SMD", "PB14", "", "O", 10.63, 59.05, 0, 90],
		[213, "U1_28", 1116.04, -1086.63, "T", "SMD", "PB15", "", "O", 10.63, 59.05, 0, 90],
		[214, "U1_29", 1116.04, -1106.31, "T", "SMD", "PA8", "", "O", 10.63, 59.05, 0, 90],
		[215, "U1_30", 1116.04, -1126, "T", "SMD", "PA9", "", "O", 10.63, 59.05, 0, 90],
		[216, "U1_31", 1116.04, -1145.68, "T", "SMD", "PA10", "", "O", 10.63, 59.05, 0, 90],
		[217, "U1_32", 1116.04, -1165.37, "T", "SMD", "PA11", "", "O", 10.63, 59.05, 0, 90],
		[218, "U1_33", 1116.04, -1185.05, "T", "SMD", "PA12", "", "O", 10.63, 59.05, 0, 90],
		[219, "U1_34", 1116.04, -1204.74, "T", "SMD", "SWDIO", "", "O", 10.63, 59.05, 0, 90],
		[220, "U1_35", 1116.04, -1224.42, "T", "SMD", "GND", "GND", "O", 10.63, 59.05, 0, 90],
		[221, "U1_36", 1116.04, -1244.11, "T", "SMD", "+3V3", "", "O", 10.63, 59.05, 0, 90],
		[222, "U1_37", 1175.09, -1303.16, "T", "SMD", "SWDCLK", "", "O", 59.05, 10.63, 0, 90],
		[223, "U1_38", 1194.78, -1303.16, "T", "SMD", "PA15", "", "O", 59.05, 10.63, 0, 90],
		[224, "U1_39", 1214.46, -1303.16, "T", "SMD", "FAULT", "", "O", 59.05, 10.63, 0, 90],
		[225, "U1_40", 1234.15, -1303.16, "T", "SMD", "DIR", "", "O", 59.05, 10.63, 0, 90],
		[226, "U1_41", 1253.83, -1303.16, "T", "SMD", "STEP", "", "O", 59.05, 10.63, 0, 90],
		[227, "U1_42", 1273.52, -1303.16, "T", "SMD", "SCL1", "", "O", 59.05, 10.63, 0, 90],
		[228, "U1_43", 1293.2, -1303.16, "T", "SMD", "SDA1", "", "O", 59.05, 10.63, 0, 90],
		[229, "U1_44", 1312.89, -1303.16, "T", "SMD", "BOOT0", "", "O", 59.05, 10.63, 0, 90],
		[230, "U1_45", 1332.57, -1303.16, "T", "SMD", "PB8", "", "O", 59.05, 10.63, 0, 90],
		[231, "U1_46", 1352.26, -1303.16, "T", "SMD", "PB9", "", "O", 59.05, 10.63, 0, 90],
		[232, "U1_47", 1371.94, -1303.16, "T", "SMD", "GND", "GND", "O", 59.05, 10.63, 0, 90],
		[233, "U1_48", 1391.63, -1303.16, "T", "SMD", "+3V3", "", "O", 59.05, 10.63, 0, 90],
		[234, "U2_1", 630.16, -1256.66, "T", "SMD", "+5V", "", "R", 19.29, 45.55, 0, 0],
		[235, "U2_2", 667.56, -1256.66, "T", "SMD", "GND", "GND", "R", 19.29, 45.55, 0, 0],
		[236, "U2_3", 704.96, -1256.66, "T", "SMD", "+5V", "", "R", 19.29, 45.55, 0, 0],
		[237, "U2_4", 704.96, -1165.82, "T", "SMD", "$3N430", "", "R", 19.29, 46.26, 0, 0],
		[238, "U2_5", 630.16, -1165.82, "T", "SMD", "+3V3", "", "R", 19.29, 46.26, 0, 0],
		[239, "U4_1", 958.22, -1604.2, "T", "SMD", "GND", "GND", "R", 23.62, 15.75, 0, 270],
		[240, "U4_2", 958.22, -1663.25, "T", "SMD", "DN2", "", "R", 23.62, 15.75, 0, 90],
		[241, "U5_1", 1099.95, -1608.14, "T", "SMD", "GND", "GND", "R", 23.62, 15.75, 0, 270],
		[242, "U5_2", 1099.95, -1667.19, "T", "SMD", "DP2", "", "R", 23.62, 15.75, 0, 90],
		[243, "U6_1", 810.58, -1688.85, "T", "SMD", "GND", "GND", "R", 23.62, 15.75, 0, 0],
		[244, "U6_2", 869.63, -1688.85, "T", "SMD", "$1N3718", "", "R", 23.62, 15.75, 0, 180],
		[245, "U8_1", 1059.25, -1090.75, "B", "SMD", "+3V3", "", "O", 22.38, 76.78, 0, 180],
		[246, "U8_2", 1009.25, -1090.75, "B", "SMD", "$2N405", "", "O", 22.38, 76.78, 0, 180],
		[247, "U8_3", 959.25, -1090.75, "B", "SMD", "OUT", "", "O", 22.38, 76.78, 0, 180],
		[248, "U8_4", 909.25, -1090.75, "B", "SMD", "GND", "GND", "O", 22.38, 76.78, 0, 180],
		[249, "U8_5", 909.25, -877.75, "B", "SMD", "$2N452", "", "O", 22.38, 76.78, 0, 180],
		[250, "U8_6", 959.25, -877.75, "B", "SMD", "SDA1", "", "O", 22.38, 76.78, 0, 180],
		[251, "U8_7", 1009.25, -877.75, "B", "SMD", "SCL1", "", "O", 22.38, 76.78, 0, 180],
		[252, "U8_8", 1059.25, -877.75, "B", "SMD", "GND", "GND", "O", 22.38, 76.78, 0, 180],
		[253, "U10_1", 720.56, -597.43, "T", "SMD", "$2N2394", "", "O", 13.5, 68.17, 0, 180],
		[254, "U10_2", 694.97, -597.43, "T", "SMD", "$2N2398", "", "O", 13.5, 68.17, 0, 180],
		[255, "U10_3", 669.38, -597.43, "T", "SMD", "$2N6854", "", "O", 13.5, 68.17, 0, 180],
		[256, "U10_4", 643.79, -597.43, "T", "SMD", "VMM", "", "O", 13.5, 68.17, 0, 180],
		[257, "U10_5", 618.2, -597.43, "T", "SMD", "AOUT1", "", "O", 13.5, 68.17, 0, 180],
		[258, "U10_6", 592.61, -597.43, "T", "SMD", "$2N5639", "", "O", 13.5, 68.17, 0, 180],
		[259, "U10_7", 567.01, -597.43, "T", "SMD", "AOUT2", "", "O", 13.5, 68.17, 0, 180],
		[260, "U10_8", 541.42, -597.43, "T", "SMD", "BOUT2", "", "O", 13.5, 68.17, 0, 180],
		[261, "U10_9", 515.83, -597.43, "T", "SMD", "$2N3779", "", "O", 13.5, 68.17, 0, 180],
		[262, "U10_10", 490.24, -597.43, "T", "SMD", "BOUT1", "", "O", 13.5, 68.17, 0, 180],
		[263, "U10_11", 464.65, -597.43, "T", "SMD", "VMM", "", "O", 13.5, 68.17, 0, 180],
		[264, "U10_12", 439.06, -597.43, "T", "SMD", "$2N2475", "", "O", 13.5, 68.17, 0, 180],
		[265, "U10_13", 413.47, -597.43, "T", "SMD", "$2N2475", "", "O", 13.5, 68.17, 0, 180],
		[266, "U10_14", 387.88, -597.43, "T", "SMD", "GND", "GND", "O", 13.5, 68.17, 0, 180],
		[267, "U10_15", 387.88, -823.08, "T", "SMD", "V3P3", "", "O", 13.5, 68.17, 0, 180],
		[268, "U10_16", 413.47, -823.08, "T", "SMD", "RESET", "", "O", 13.5, 68.17, 0, 180],
		[269, "U10_17", 439.06, -823.08, "T", "SMD", "SLEEP", "", "O", 13.5, 68.17, 0, 180],
		[270, "U10_18", 464.65, -823.08, "T", "SMD", "$2N3454", "", "O", 13.5, 68.17, 0, 180],
		[271, "U10_19", 490.24, -823.08, "T", "SMD", "U10_19", "", "O", 13.5, 68.17, 0, 180],
		[272, "U10_20", 515.83, -823.08, "T", "SMD", "DIR", "", "O", 13.5, 68.17, 0, 180],
		[273, "U10_21", 541.42, -823.08, "T", "SMD", "EN", "", "O", 13.5, 68.17, 0, 180],
		[274, "U10_22", 567.01, -823.08, "T", "SMD", "STEP", "", "O", 13.5, 68.17, 0, 180],
		[275, "U10_23", 592.61, -823.08, "T", "SMD", "U10_23", "", "O", 13.5, 68.17, 0, 180],
		[276, "U10_24", 618.2, -823.08, "T", "SMD", "MODE0", "", "O", 13.5, 68.17, 0, 180],
		[277, "U10_25", 643.79, -823.08, "T", "SMD", "MODE1", "", "O", 13.5, 68.17, 0, 180],
		[278, "U10_26", 669.38, -823.08, "T", "SMD", "MODE2", "", "O", 13.5, 68.17, 0, 180],
		[279, "U10_27", 694.97, -823.08, "T", "SMD", "U10_27", "", "O", 13.5, 68.17, 0, 180],
		[280, "U10_28", 720.56, -823.08, "T", "SMD", "GND", "GND", "O", 13.5, 68.17, 0, 180],
		[281, "U10_29", 554.22, -710.25, "T", "SMD", "GND", "GND", "R", 220.47, 122.05, 0, 180],
		[282, "U11_1", 118.65, -1116.01, "T", "SMD", "+5V", "", "R", 21.65, 47.24, 0, 270],
		[283, "U11_2", 118.65, -1153.41, "T", "SMD", "VMM", "", "R", 21.65, 47.24, 0, 270],
		[284, "U11_3", 118.65, -1190.81, "T", "SMD", "VMM", "", "R", 21.65, 47.24, 0, 270],
		[285, "U11_4", 213.14, -1190.81, "T", "SMD", "GND", "GND", "R", 21.65, 47.24, 0, 270],
		[286, "U11_5", 213.14, -1153.41, "T", "SMD", "$3N755", "", "R", 21.65, 47.24, 0, 270],
		[287, "U11_6", 213.14, -1116.01, "T", "SMD", "$3N732", "", "R", 21.65, 47.24, 0, 270],
		[288, "U17_1", 1480.8, -699.76, "T", "SMD", "+3V3", "", "P", 19.91, 7.87, 0, 90],
		[289, "U17_2", 1480.8, -684.02, "T", "SMD", "U17_2", "", "R", 7.87, 19.88, 0, 90],
		[290, "U17_3", 1480.8, -668.27, "T", "SMD", "U17_3", "", "R", 7.87, 19.88, 0, 90],
		[291, "U17_4", 1480.8, -652.53, "T", "SMD", "U17_4", "", "R", 7.87, 19.88, 0, 90],
		[292, "U17_5", 1480.8, -636.78, "T", "SMD", "U17_5", "", "R", 7.87, 19.88, 0, 90],
		[293, "U17_6", 1480.8, -621.03, "T", "SMD", "U17_6", "", "P", 19.9, 7.87, 0, 90],
		[294, "U17_7", 1463.97, -604.2, "T", "SMD", "U17_7", "", "P", 7.87, 19.9, 0, 90],
		[295, "U17_8", 1448.22, -604.2, "T", "SMD", "+3V3", "", "R", 19.88, 7.87, 0, 90],
		[296, "U17_9", 1432.47, -604.2, "T", "SMD", "+3V3", "", "R", 19.88, 7.87, 0, 90],
		[297, "U17_10", 1416.73, -604.2, "T", "SMD", "$2N14898", "", "R", 19.88, 7.87, 0, 90],
		[298, "U17_11", 1400.98, -604.2, "T", "SMD", "GND", "GND", "R", 19.88, 7.87, 0, 90],
		[299, "U17_12", 1385.23, -604.2, "T", "SMD", "U17_12", "", "P", 7.87, 19.9, 0, 90],
		[300, "U17_13", 1368.4, -621.03, "T", "SMD", "+3V3", "", "P", 19.9, 7.87, 0, 90],
		[301, "U17_14", 1368.4, -636.78, "T", "SMD", "U17_14", "", "R", 7.87, 19.88, 0, 90],
		[302, "U17_15", 1368.4, -652.53, "T", "SMD", "U17_15", "", "R", 7.87, 19.88, 0, 90],
		[303, "U17_16", 1368.4, -668.27, "T", "SMD", "U17_16", "", "R", 7.87, 19.88, 0, 90],
		[304, "U17_17", 1368.4, -684.02, "T", "SMD", "U17_17", "", "R", 7.87, 19.88, 0, 90],
		[305, "U17_18", 1368.4, -699.77, "T", "SMD", "GND", "GND", "P", 19.9, 7.87, 0, 90],
		[306, "U17_19", 1385.23, -716.6, "T", "SMD", "U17_19", "", "P", 7.87, 19.9, 0, 90],
		[307, "U17_20", 1400.98, -716.6, "T", "SMD", "GND", "GND", "R", 19.88, 7.87, 0, 90],
		[308, "U17_21", 1416.73, -716.6, "T", "SMD", "U17_21", "", "R", 19.88, 7.87, 0, 90],
		[309, "U17_22", 1432.47, -716.6, "T", "SMD", "+3V3", "", "R", 19.88, 7.87, 0, 90],
		[310, "U17_23", 1448.22, -716.6, "T", "SMD", "SCL1", "", "R", 19.88, 7.87, 0, 90],
		[311, "U17_24", 1463.97, -716.6, "T", "SMD", "SDA1", "", "P", 7.87, 19.9, 0, 90],
		[312, "U17_25", 1424.6, -660.4, "T", "SMD", "GND", "GND", "R", 66.93, 66.93, 0, 90],
		[313, "U18_1", 1904.53, -1869.49, "T", "DIP", "PA0", "", "R", 62.99, 62.99, 41.34, 90],
		[314, "U18_1", 1904.53, -1869.49, "B", "DIP", "PA0", "", "R", 62.99, 62.99, 41.34, 90],
		[315, "U18_2", 1904.53, -1769.49, "T", "DIP", "PA1", "", "C", 62.99, 62.99, 41.34, 90],
		[316, "U18_2", 1904.53, -1769.49, "B", "DIP", "PA1", "", "C", 62.99, 62.99, 41.34, 90],
		[317, "U18_3", 1904.53, -1669.49, "T", "DIP", "PA2", "", "C", 62.99, 62.99, 41.34, 90],
		[318, "U18_3", 1904.53, -1669.49, "B", "DIP", "PA2", "", "C", 62.99, 62.99, 41.34, 90],
		[319, "U18_4", 1904.53, -1569.49, "T", "DIP", "PA3", "", "C", 62.99, 62.99, 41.34, 90],
		[320, "U18_4", 1904.53, -1569.49, "B", "DIP", "PA3", "", "C", 62.99, 62.99, 41.34, 90],
		[321, "U18_5", 1904.53, -1469.49, "T", "DIP", "PA4", "", "C", 62.99, 62.99, 41.34, 90],
		[322, "U18_5", 1904.53, -1469.49, "B", "DIP", "PA4", "", "C", 62.99, 62.99, 41.34, 90],
		[323, "U18_6", 1904.53, -1369.49, "T", "DIP", "PA5", "", "C", 62.99, 62.99, 41.34, 90],
		[324, "U18_6", 1904.53, -1369.49, "B", "DIP", "PA5", "", "C", 62.99, 62.99, 41.34, 90],
		[325, "U18_7", 1904.53, -1269.49, "T", "DIP", "PA6", "", "C", 62.99, 62.99, 41.34, 90],
		[326, "U18_7", 1904.53, -1269.49, "B", "DIP", "PA6", "", "C", 62.99, 62.99, 41.34, 90],
		[327, "U18_8", 1904.53, -1169.49, "T", "DIP", "PA7", "", "C", 62.99, 62.99, 41.34, 90],
		[328, "U18_8", 1904.53, -1169.49, "B", "DIP", "PA7", "", "C", 62.99, 62.99, 41.34, 90],
		[329, "U18_9", 1904.53, -1069.49, "T", "DIP", "PA8", "", "C", 62.99, 62.99, 41.34, 90],
		[330, "U18_9", 1904.53, -1069.49, "B", "DIP", "PA8", "", "C", 62.99, 62.99, 41.34, 90],
		[331, "U18_10", 1904.53, -969.49, "T", "DIP", "PA9", "", "C", 62.99, 62.99, 41.34, 90],
		[332, "U18_10", 1904.53, -969.49, "B", "DIP", "PA9", "", "C", 62.99, 62.99, 41.34, 90],
		[333, "U18_11", 1904.53, -869.49, "T", "DIP", "PA10", "", "C", 62.99, 62.99, 41.34, 90],
		[334, "U18_11", 1904.53, -869.49, "B", "DIP", "PA10", "", "C", 62.99, 62.99, 41.34, 90],
		[335, "U18_12", 1904.53, -769.49, "T", "DIP", "PA11", "", "C", 62.99, 62.99, 41.34, 90],
		[336, "U18_12", 1904.53, -769.49, "B", "DIP", "PA11", "", "C", 62.99, 62.99, 41.34, 90],
		[337, "U18_13", 1904.53, -669.49, "T", "DIP", "PA12", "", "C", 62.99, 62.99, 41.34, 90],
		[338, "U18_13", 1904.53, -669.49, "B", "DIP", "PA12", "", "C", 62.99, 62.99, 41.34, 90],
		[339, "U18_14", 1904.53, -569.49, "T", "DIP", "PA15", "", "C", 62.99, 62.99, 41.34, 90],
		[340, "U18_14", 1904.53, -569.49, "B", "DIP", "PA15", "", "C", 62.99, 62.99, 41.34, 90],
		[341, "U18_15", 1904.53, -469.49, "T", "DIP", "PB0", "", "C", 62.99, 62.99, 41.34, 90],
		[342, "U18_15", 1904.53, -469.49, "B", "DIP", "PB0", "", "C", 62.99, 62.99, 41.34, 90],
		[343, "U18_16", 1904.53, -369.49, "T", "DIP", "PB1", "", "C", 62.99, 62.99, 41.34, 90],
		[344, "U18_16", 1904.53, -369.49, "B", "DIP", "PB1", "", "C", 62.99, 62.99, 41.34, 90],
		[345, "U18_17", 1904.53, -269.49, "T", "DIP", "PB3", "", "C", 62.99, 62.99, 41.34, 90],
		[346, "U18_17", 1904.53, -269.49, "B", "DIP", "PB3", "", "C", 62.99, 62.99, 41.34, 90],
		[347, "U18_18", 1904.53, -169.49, "T", "DIP", "PB8", "", "C", 62.99, 62.99, 41.34, 90],
		[348, "U18_18", 1904.53, -169.49, "B", "DIP", "PB8", "", "C", 62.99, 62.99, 41.34, 90],
		[349, "U18_19", 1904.53, -69.49, "T", "DIP", "PB9", "", "C", 62.99, 62.99, 41.34, 90],
		[350, "U18_19", 1904.53, -69.49, "B", "DIP", "PB9", "", "C", 62.99, 62.99, 41.34, 90],
		[351, "USBC1_0", 854.87, -1755.55, "T", "DIP", "GND", "GND", "O", 47.24, 78.74, 62.99, 0],
		[352, "USBC1_0", 854.87, -1755.55, "B", "DIP", "GND", "GND", "O", 47.24, 78.74, 62.99, 0],
		[353, "USBC1_1", 1195.43, -1755.55, "T", "DIP", "GND", "GND", "O", 47.24, 78.74, 62.99, 0],
		[354, "USBC1_1", 1195.43, -1755.55, "B", "DIP", "GND", "GND", "O", 47.24, 78.74, 62.99, 0],
		[355, "USBC1_2", 1195.43, -1920.11, "T", "DIP", "GND", "GND", "O", 47.24, 70.87, 55.12, 0],
		[356, "USBC1_2", 1195.43, -1920.11, "B", "DIP", "GND", "GND", "O", 47.24, 70.87, 55.12, 0],
		[357, "USBC1_3", 854.87, -1920.11, "T", "DIP", "GND", "GND", "O", 47.24, 70.87, 55.12, 0],
		[358, "USBC1_3", 854.87, -1920.11, "B", "DIP", "GND", "GND", "O", 47.24, 70.87, 55.12, 0],
		[359, "USBC1_A1", 893.26, -1725.3, "T", "SMD", "GND", "GND", "R", 11.81, 51.18, 0, 0],
		[360, "USBC1_A12", 1157.04, -1725.3, "T", "SMD", "GND", "GND", "R", 11.81, 51.18, 0, 0],
		[361, "USBC1_A4", 924.76, -1725.3, "T", "SMD", "$1N3718", "", "R", 11.81, 51.18, 0, 0],
		[362, "USBC1_A5", 975.94, -1725.3, "T", "SMD", "$1N3761", "", "R", 11.81, 51.18, 0, 0],
		[363, "USBC1_A6", 1015.31, -1725.3, "T", "SMD", "DP2", "", "R", 11.81, 51.18, 0, 0],
		[364, "USBC1_A7", 1034.99, -1725.3, "T", "SMD", "DN2", "", "R", 11.81, 51.18, 0, 0],
		[365, "USBC1_A8", 1074.35, -1725.3, "T", "SMD", "USBC1_A8", "", "R", 11.81, 51.18, 0, 0],
		[366, "USBC1_A9", 1125.55, -1725.3, "T", "SMD", "$1N3718", "", "R", 11.81, 51.18, 0, 0],
		[367, "USBC1_B1", 1145.23, -1725.3, "T", "SMD", "GND", "GND", "R", 11.81, 51.18, 0, 0],
		[368, "USBC1_B12", 905.07, -1725.3, "T", "SMD", "GND", "GND", "R", 11.81, 51.18, 0, 0],
		[369, "USBC1_B4", 1113.73, -1725.3, "T", "SMD", "$1N3718", "", "R", 11.81, 51.18, 0, 0],
		[370, "USBC1_B5", 1094.05, -1725.3, "T", "SMD", "$1N3829", "", "R", 11.81, 51.18, 0, 0],
		[371, "USBC1_B6", 1054.68, -1725.3, "T", "SMD", "DP2", "", "R", 11.81, 51.18, 0, 0],
		[372, "USBC1_B7", 995.62, -1725.3, "T", "SMD", "DN2", "", "R", 11.81, 51.18, 0, 0],
		[373, "USBC1_B8", 956.25, -1725.3, "T", "SMD", "USBC1_B8", "", "R", 11.81, 51.18, 0, 0],
		[374, "USBC1_B9", 936.57, -1725.3, "T", "SMD", "$1N3718", "", "R", 11.81, 51.18, 0, 0],
		[375, "X1_1", 1629.82, -946.86, "T", "SMD", "OSCOUT", "", "R", 216.54, 55.12, 0, 270],
		[376, "X1_2", 1629.82, -1301.19, "T", "SMD", "OSCIN", "", "R", 216.54, 55.12, 0, 270],
		[377, "X2_1", 1797.14, -1204.43, "T", "SMD", "PC15", "", "R", 23.62, 47.24, 0, 0],
		[378, "X2_2", 1797.14, -956.39, "T", "SMD", "X2_2", "", "R", 23.62, 47.24, 0, 180],
		[379, "X2_3", 1763.67, -956.39, "T", "SMD", "X2_3", "", "R", 23.62, 47.24, 0, 0],
		[380, "X2_4", 1763.67, -1204.43, "T", "SMD", "PC14", "", "R", 23.62, 47.24, 0, 180],
		[381, "PAD1_1", 375.54, -1594.36, "T", "DIP", "GND", "GND", "C", 196.85, 196.85, 137.8, 0],
		[382, "PAD1_1", 375.54, -1594.36, "B", "DIP", "GND", "GND", "C", 196.85, 196.85, 137.8, 0],
		[383, "PAD2_1", 375.54, -373.88, "T", "DIP", "GND", "GND", "C", 196.85, 196.85, 137.8, 0],
		[384, "PAD2_1", 375.54, -373.88, "B", "DIP", "GND", "GND", "C", 196.85, 196.85, 137.8, 0],
		[385, "PAD3_1", 1596.01, -1594.36, "T", "DIP", "GND", "GND", "C", 196.85, 196.85, 137.8, 0],
		[386, "PAD3_1", 1596.01, -1594.36, "B", "DIP", "GND", "GND", "C", 196.85, 196.85, 137.8, 0],
		[387, "PAD4_1", 1596.01, -373.88, "T", "DIP", "GND", "GND", "C", 196.85, 196.85, 137.8, 0],
		[388, "PAD4_1", 1596.01, -373.88, "B", "DIP", "GND", "GND", "C", 196.85, 196.85, 137.8, 0]
	]
}
}